5989;AlegreNeifert, FrancoEmanuel;emanuel210200@gmail.com
6212;Aparicio, JuanCruz;apariciojc807@gmail.com
6513;Bel, Estanislao;estanislaobel12@gmail.com
6216;Benedetto, RemoJosé;remobenedetto@gmail.com
5384;Bonfiglio, CelesteRomina;cele-romina@hotmail.com
6220;Carr, Bruce;brucecarr2020@hotmail.com
5996;Centurion, DavidMartin;gilgam125@gmail.com
6018;Gil, Gabriel;gabigil245@gmail.com
6465;Gonzalez, EstebanLeonardo;estebgon7@gmail.com
6233;Julia, LucasFabricio;lucasfjulia@gmail.com
6234;Kloster, AlexisAlberto;alexisakloster@gmail.com
6235;Larroque, SantiagoAgustin;santi_Larroque@hotmail.com
6237;Lunardello, IgnacioAgustin;agustinlunardellio030504@gmail
6239;Martinez, Santiago;san.martinezok@gmail.com
6512;Molina, Matias;matias.molinada2@gmail.com
6401;Pinto, EduardoNicolas;eduardonicolaspinto@outlook.co
6251;Pugliese, Agustin;puglirey98@gmail.com
6259;Ruiz, FernandoEsteban;fernandoe.ruiz@telefonica.com
6260;Russo, Matias;matias.russo000@gmail.com
6262;Schmid, Adolfo;adolfo@infinet.com.ar
6263;SchulzeBidegorry, AngelFrancisco;angelzero16@gmail.com
6005;Solis, DaianaRosaMaria;solisdrm@gmail.com
6266;Sotelo, ShannonVladimir;aguimiri2@gmail.com
5993;Trostdorf, AndresSebastian;sebatros@hotmail.com
4449;VidalPerez, Facundo;facuviper@gmail.com
